"V1","V2","V3"
0.0107590210057482,0.150686149497775,0.0499700965719182
0.911179032569225,-0.0100540313378909,-0.0935558365409453
-0.526115434079626,1.04923547126539,-0.132914916632899
0.603326751564071,1.35327684901701,0.159187969420903
-0.0844997108591136,-0.260496191425403,0.611730523634102
1.3453700620008,0.20400381288509,1.05070569384952
0.134370559710297,0.893534396546599,1.05675273851528
1.010006636078,0.941614017182624,1.15347550360757
-0.167529606555908,-0.030101729484929,-0.103929551677684
0.625067142401093,0.0776552034453787,0.31964163182901
0.197011255634182,1.24595101718493,-0.14310600012877
0.974390182100846,1.15158569543361,-0.0765700987986714
0.0861501427390676,-0.410177592336558,0.938812017987325
1.08086384610901,0.485314709357794,0.927048830136162
0.0956116566487276,1.16707573948417,0.554252809058461
0.865447693514797,1.2658413719617,0.863401479221333
